label,title,content
9,Platymetopus, Platymetopus is a genus of beetles in the family Carabidae containing the following species: Platymetopus brevilabris Laferte-Senectere 1853 Platymetopus colpophilus Alluaud 1918 Platymetopus congestulus Basilewsky 1948 Platymetopus crenulatus Chaudoir 1878 Platymetopus cribricollis Facchini 2004 Platymetopus curtulus (Peringuey 1908) Platymetopus cyaneus Facchini 2004 Platymetopus diversepunctatus Facchini 2004 Platymetopus figuratus Boheman 1848 Platymetopus flavilabris (Fabricius 1798) Platymetopus guineensis Dejean 1831 Platymetopus indicus Jedlicka 1969 Platymetopus interpunctatus Dejean 1829 Platymetopus keiseri Louwerens 1956 Platymetopus laevigatus Kuntzen 1919 Platymetopus laticeps Dejean 1829 Platymetopus lepidus Dejean 1829 Platymetopus ludificus (H.Kolbe 1883) Platymetopus majusculus Lorenz 1998 Platymetopus obscuripes Chaudoir 1878 Platymetopus pictus Andrewes 1923 Platymetopus platythorax Basilewsky 1948 Platymetopus quadrimaculatus Dejean 1829 Platymetopus quadrinotatus Burgeon 1936 Platymetopus rectangularis Burgeon 1936 Platymetopus rugosus (Nietner 1857) Platymetopus sakalava Jeannel 1948 Platymetopus schoenherri Dejean 1831 Platymetopus seriatus Chaudoir 1878 Platymetopus straeleni Basilewsky 1947 Platymetopus subrugosus Schauberger 1938 Platymetopus sudanicus Basilewsky 1967 Platymetopus tessellatus Dejean 1829 Platymetopus tibialis (H.Kolbe 1883) Platymetopus tritus Bates 1889 Platymetopus vestitus Dejean 1829 Platymetopus xanthographus (Alluaud 1916)↑
9,Sicera, Sicera is a genus of moth in the family Gelechiidae.
8,Strzeczonka, Strzeczonka [stʂɛˈt͡ʂɔnka] is a village in the administrative district of Gmina Debrzno within Człuchów County Pomeranian Voivodeship in northern Poland. It lies approximately 7 kilometres (4 mi) north-west of Debrzno 16 km (10 mi) south-west of Człuchów and 130 km (81 mi) south-west of the regional capital Gdańsk.For details of the history of the region see History of Pomerania.
6,Rose Hill Manor, Rose Hill Manor is a historic home located at Frederick Frederick County Maryland. It is a 2 1⁄2-story brick house. A notable feature is the large two-story pedimented portico supported by fluted Doric columns on the first floor and Ionic columns on the balustraded second floor. It was the retirement home of Thomas Johnson (1732–1819) the first elected Governor of the State of Maryland and Associate Justice of the United States Supreme Court.
8,Eslamabad-e Bezahrud, Eslamabad-e Bezahrud (Persian: اسلام اباد بزه رود‎ also Romanized as Eslāmābād-e Bezahrūd; also known as Bazrūd Bezarūd Bozeh Rūd Boz Rūd and Buzrud) is a village in Kanduleh Rural District Dinavar District Sahneh County Kermanshah Province Iran. At the 2006 census its population was 92 in 24 families.
2,Jonathan Singleton, Jonathan Singleton is an American country music singer and songwriter. He is known for co-writing the songs Don't by Billy Currington Watching Airplanes by Gary Allan Red Light and Let It Rain by David Nail and Why Don't We Just Dance by Josh Turner.
4,Hans-Josef Fell, Hans-Josef Fell (born 7 January 1952 in Hammelburg) is a member of the Green Party in the German Parliament. Fell framed the German Renewable Energy legislation together with Hermann Scheer. He currently serves as spokesman on energy for the Alliance 90/The Greens parliamentary group a member of the Environmental Protection Committee substitute member of the Committee on Economics and Technology and substitute member of the Defense Committee.
4,Darlene Mealy, Darlene Mealy is a member of the New York City Council representing the 41st District of Brooklyn. She took office in January 2006 and is currently serving her third consecutive term in office.
0,Air Orient, Air Orient was an airline based in France. Created in 1929 from the merger of Air Asie(c. 1928) and Air Union Lignes d’Orient (c. 1927 - renamed from Messageries Transaeriennes 1923) the short lived airline was merged with Air France October 7 1933.
11,Out There (Eric Dolphy album), Out There is a 1960 jazz album by Eric Dolphy. It was Dolphy's second album released as band leader following his time with Charles Mingus. The album features four original compositions by Dolphy one of which is a collaborative effort with Mingus. The album also features three covers Eclipse by Mingus Sketch of Melba by Randy Weston and Feathers by Hale Smith.
5,HMS Repulse (1892), HMS Repulse was a Royal Sovereign-class pre-dreadnought battleship of the Royal Navy. She was the tenth ship to bear the name HMS Repulse. Laid down in 1890 Repulse was completed in 1894 becoming one of the world's top fighting ships at launch. Repulse was 410 feet long and had a maximum cruising speed of 17 knots.
6,Occum Hydroelectric Plant and Dam, Occum Hydroelectric Plant and Dam is a historic hydroelectric plant and dam north of Bridge Street on the west side of the Shetucket River in Norwich Connecticut.It masonry-concrete dam was built in 1865. It stands 14 feet high and impounds a maximum of 600 acre-feet of water. The city of Norwich's Department of Public Utilities owns the site which was added to the National Register of Historic Places in 1996.
0,GDF Suez Energy Resources NA, GDF Suez Energy Resources NA is the retail energy subsidiary of IPR-GDF SUEZ North America Inc. . and one of the largest non-residential retail energy suppliers in the United States.GDF Suez Energy Resources currently supplies customers in 12 markets: Delaware Texas Massachusetts Maine Maryland New York New Jersey Pennsylvania Illinois Connecticut Ohio and Washington D.C.
3,Ruthie Matthes, Ruthie Matthes (born November 11 1965) is an American professional bicycle racer who won the World Cross-Country Mountain Bike Championship in 1991. She is also a road cyclist having twice finished in 2nd place in the Women's Challenge bicycle stage race. Ruthie is one of a series of professional riders who got their start in cycling through the Red Zinger Mini Classics youth bicycle race series in Colorado.
0,Toast Records, Toast Records is an independent record label based in Turin Italy.
13,The Black Camel, The Black Camel (1929) is the fourth of the Charlie Chan novels by Earl Derr Biggers.
0,Leicestershire Law Society, Leicestershire Law Society was formed in 1860 to support the legal profession in Leicestershire and Rutland. Today it has about 500 members who are solicitors practising in Leicester Leicestershire and Rutland. This is a good majority of solicitors and their firms in the area and the information provided on this website is therefore representative of the local profession.
6,Wickfield Round Barn, The Wickfield Round Barn is a historic structure located near Cantril in rural Van Buren County Iowa United States. It was built in 1919 and has been listed on the National Register of Historic Places since 1986. The building measures 52 x 65 feet (15.8 x 19.8 m) around. The structure is constructed of clay tile and features an aerator. The two-pitch roof features eight dormers on the lower part and four dormers on the upper part of the roof.
12,Only the Brave (film), Only the Brave is a 1994 Australian film.
1,Media Arts & Communications Academy, Media Arts and Communications Academy (or MACA) is a charter school located in McMinnville Oregon United States. MACA is a small tech focused college preparatory high school option for McMinnville School District students.
8,Abeh-ye Sabzvariha, Abeh-ye Sabzvariha (Persian: ابه سبزواريها‎ also Romanized as Ābeh-ye Sabzvārīhā; also known as Sabzevārī) is a village in Nezamabad Rural District in the Central District of Azadshahr County Golestan Province Iran. At the 2006 census its population was 703 in 163 families.
0,WeWOOD, WeWOOD is a watch brand that manufacturers wooden watches. The brand was developed in 2009 in Italy and its trademark was registered in 2010 under the company name Fratelli Diversi. The headquarters of the company is located in Lamporecchio and a North American regional office is located in Los Angeles.According to WeWOOD the company plants a tree for every watch sold. As of December 2013 the company has planted 250000 trees in America and other countries where the watch is sold.
12,Practical Magic, Practical Magic is a 1998 American romantic comedy film based on the 1995 novel of the same name by Alice Hoffman. The film was directed by Griffin Dunne and stars Sandra Bullock Nicole Kidman Stockard Channing Dianne Wiest Aidan Quinn and Goran Visnjic. The film score was composed by Alan Silvestri.Bullock and Kidman play sisters Sally and Gillian Owens who have always known they were different from each other.
13,Studies in Iconography, Studies in Iconography is an annual peer-reviewed journal published by the Medieval Institute Publications of Western Michigan University. Since 2001 it is produced in collaboration with Princeton University's Index of Christian Art. The journal publishes articles (especially those with an interdisciplinary approach) on all aspects of iconography before 1600 and includes book reviews and thematic overviews of scholarship.
5,LB&SCR E6 class, The London Brighton and South Coast Railway E6 Class is a class of 0-6-2Tside tank steam locomotive designed by Robert Billinton. They were introduced in 1904 and were a development of the E5 class with smaller driving wheels intended for heavy short and medium-distance freight trains.
10,Olearia myrsinoides, Olearia myrsinoides commonly known as Silky Daisy-bush is a species of flowering plant in the family Asteraceae. It is a shrub to 1.5 metres high with toothed leaves. These are dark green above and tomentose underneath. The flowerheads have 2 to 4 white ray florets and 3 to 4 pale yellow or violet disc florets. These appear between November and March in the species native range.
7,Drews Gap, Drews Gap (el. 5306 ft.) is a mountain pass in the U.S. state of Oregon traversed by Oregon Route 140. It is named for Major Charles S. Drew of the 1st Oregon Cavalry who surveyed a route from Fort Klamath east to the Owyhee River in 1864 that became the Oregon Central Military Road.It is located between Drews Reservoir and Booth State Scenic Corridor which is just East of the summit and 12 miles west of Lakeview.
2,Iain Blair, Iain Blair (12 August 1942 – 3 July 2011) was a Scottish actor and author who using the pen name Emma Blair wrote a series of romantic novels.
0,Borden Milk Products, Borden Milk Products L.P. is a privately held American corporation owned by the Dallas Texas-based Milk Products LLC a subsidiary of Grupo Lala.
11,1st (The Rasmus EP), 1st is the first EP by the Finnish rock band The Rasmus (named just Rasmus when the EP was released). It was originally released independently through Teja G.
10,Griselinia, Griselinia is a genus of seven species of shrubs and trees with a highly disjunct distribution native to New Zealand and South America. It is a classic example of the Antarctic flora. It is the sole genus in the family Griseliniaceae; in the past it was often placed in Cornaceae but differs from that in many features. The leaves are evergreen smooth and glossy above often paler below. The flowers are very small with five sepals and stamens and a single stigma. Petals 2–3 mm long.
12,The Golden Cage (1975 film), The Golden Cage is a 1975 Australian film about two Turkish migrants in Australia made by the husband and wife team Ayten and Ilhan Kuyululu. It was the first Australian film directed by a woman since the 1930s.
13,Planet of Twilight, Planet of Twilight is a 1997 novel by Barbara Hambly set in the Star Wars galaxy.
6,Canadian Museum of Contemporary Photography, The Canadian Museum of Contemporary Photography (CMCP) (French: Le Musée canadien de la photographie contemporaine (MCPC)) was a gallery of Canada's best art and documentary photography.
0,Mikuni (company), Mikuni Corporation (株式会社ミクニ Kabushiki-gaisha Mikuni) is a leading Japanese carburettor manufacturing company that was founded in 1923 and incorporated in 1948. Their business activities are centred on carburettors fuel injectors and other automobile related equipment. The operations are carried through the following divisions: Automobile-related Living and Environment related goods and Sale of imported goods.
9,Scania messia, Scania messia is a moth of the Noctuidae family. It is found from the Valparaíso to the Los Lagos Region of Chile Buenos Aires Tandil La Rioja and Santa Fe in Argentina and Colonia Estanzuela Puntas Arcual Montevideo and Paysandú in Uruguay.The wingspan is about 31.6 mm. Adults are on wing from August to April.The larvae feed on various agricultural crops as well as Fagaceae species and Brassica nigra.
3,Eddie Nicholls, Edward Albert Eddie Nicholls (born 10 December 1947 in British Guiana) is an international Test and One Day International cricket umpire. Nicholls officiated in 17 Tests from 1997 to 2001 and 46 ODIs from 1995 to 2005. Nicholls is one of four West Indian umpires on the International Cricket Council's elite panel of international umpires. A former police officer Nicholls played club cricket for the Guyanese police force cricket team. He is married and has a son and two daughters.
9,Slender Pug, The Slender Pug (Eupithecia tenuiata) is a moth of the family Geometridae. It is found throughout Europe and the Near East in habitats favoured by its food plant.This is one of the smallest of the Geometrids with a wingspan of only 14–16 mm. Its size is the main identifying feature as it is otherwise rather nondescript brown with faint paler markings and a tiny black discal spot on each wing. As the common name suggests the wings are narrow even for a pug.
0,Isofoton, ISOFOTON is a global company present in over 60 countries. ISOFOTON is involved in designing manufacturing and supplying Solar Energy products. Its activities are centered in three technology categories: Photovoltaic Thermal and High Concentration Photovoltaic.
13,Mormonism: A Historical Encyclopedia, Mormonism: A Historical Encyclopedia is an encyclopedia designed for a general readership about topics relating to the History of The Church of Jesus Christ of Latter-day Saints edited by W. Paul Reeve and Ardis E. Parshall. Reeve is a professor of history at the University of Utah and Parshall is an independent historian newspaper columnist and freelance researcher.
2,Andrea Polli, Andrea Polli (born 1968) is an environmental artist and writer. Polli blends art and science to create widely varied media and technology artworks related to environmental issues. Her work has appeared widely in over one hundred exhibitions and performances both nationally and internationally including the Whitney Museum of American Art Artport and The Field Museum of Natural History.
5,Andrasta-class submarine, Andrastra is a submarine design concept announced by the French shipbuilder DCNS in 2008. A development of the Scorpène class submarine and based on the previous SMX-23 concept it is a smaller vessel optimised for shallow water operations. DCNS advertising material for the ship concept in a PDF document with a date-time stamp of October 19 2008 includes information and digital illustrations that reveal the torpedo tube configuration and other details.
3,Mike Enneking, Mike Enneking is a retired American soccer player who played professionally in the Western Soccer Alliance and Major Indoor Soccer League. He is the Vice President of Crossfire Premier Soccer Club.Enneking graduated from Bellarmine Preparatory School in 1980. He set the Washington State prep single season scoring record with 39 goals and was inducted into the school's Athletic Hall of Fame in 2001.
10,Begonia compacticaulis, Begonia compacticaulis is a species of plant in the Begoniaceae family. It is endemic to Ecuador. Its natural habitats are subtropical or tropical moist lowland forests and subtropical or tropical moist montane forests. It is threatened by habitat loss.
6,The Red House (Trinidad and Tobago), The Red House is the seat of Parliament in the Republic of Trinidad and Tobago. The architectural design of the Red House is of Greek revival style. The original building was destroyed in the 1903 water riots and was rebuilt in the year 1907. The Red House is located centrally within the capital city Port of Spain. It is currently used as a meeting place for parliament and elections and for political uses.
11,Soulnik, Soulnik is the second of two albums led by American jazz bassist Doug Watkins featuring tracks recorded in 1960 and released on the New Jazz label.
6,Arden (estate), Arden was the estate owned by railroad magnate Edward Henry Harriman and Mary Averell Harriman outside Harriman New York. By the early 1900s the family owned 40000 acres (16000 ha) 63 square miles (160 km2) in the area half of it comprising the Arden Estate.
2,Clyde McKnight, Clyde Prince'Lee McKnight (born April 29 1992) is an American singer-songwriter rapper dancer and actor. He is of African-American Afro-Trinidadian & Samoan descent. He was formally signed to Queen Bee Entertainment and is now independent.
4,Antonio Ingroia, Antonio Ingroia (born 31 March 1959) is an Italian magistrate and politician and leader of Civil Revolution with Luigi de Magistris the mayor of Naples. Ingroia is also the director of a UN investigation against narcotraffic in Guatemala. He is also a writer and contributes regular columns to the daily newspaper Il Fatto Quotidiano.
0,Writtenhouse Records, Writtenhouse Records is a Philadelphia Pennsylvania based independent record label. It was established with Southwork's debut album Arise in 2012.
11,Twisted into Form, Twisted into Form is the second album from San Francisco California thrash metal band Forbidden. It features one line-up change from their debut – 1988's Forbidden Evil – with Tim Calvert replacing Glen Alvelais on guitar. The result is a more melodic and progressive affair with many acoustic interludes and clearer production but less of a raw edge than its predecessor. It is their last album with drummer Paul Bostaph before he joined Slayer in 1992 when Forbidden was on hiatus.
12,The Next Karate Kid, The Next Karate Kid (aka The Karate Kid Part IV) is a 1994 American martial arts drama film starring Pat Morita and Hilary Swank. It is the fourth and final film in the original The Karate Kid series. It was directed by Christopher Cain written by Mark Lee with music by Bill Conti. This is the only film in the original series that does not feature Ralph Macchio in the lead role and that was not directed by John G. Avildsen.
0,Sea Sonic, Sea Sonic Electronics Co. Ltd. is a computer power supply manufacturer and retailer formerly limited to trading as hardware OEM for other companies. They first made power supplies in 1980s for the Apple II and the IBM PC and are now known for highly efficient designs. Antec Corsair Memory XFX and other computer hardware companies sell power supplies which are rebadged or based on Sea Sonic units.
5,Caproni Ca.18, The Caproni Ca.18 was a military reconnaissance aircraft built in Italy shortly prior to World War I. It became the first Italian-designed and -built aircraft to see service with the Italian armed forces. The Ca.18 was a monoplane of conventional configuration and fixed tailskid undercarriage.
12,Thieves After Dark, Thieves After Dark (French: Les voleurs de la nuit) is a 1984 drama film directed by Samuel Fuller. It stars Véronique Jannot and Bobby Di Cicco. The film was entered into the 34th Berlin International Film Festival.
13,Small is Profitable, Small is Profitable: The Hidden Economic Benefits of Making Electrical Resources the Right Size is a 2002 book by energy analyst Amory Lovins and others. The book describes 207 ways in which the size of electrical resources—devices that make save or store electricity—affects their economic value.
10,Aeschynanthus radicans, Aeschynanthus radicans is a vine-like plant native to the humid tropics of the Malay Peninsula south to Java.It is an epiphyte or lithophyte growing to 1.5 m tall with leathery green leaves that are 4–8 cm long ovate to lanceolate opposite or whorled. The flowers are terminal tubular 5-7.5 cm long with the upper lobes shorter than the lower.
8,Gurchari, Gurchari (Persian: گورچاري‎ also Romanized as Gūrchārī) is a village in Talang Rural District Talang District Qasr-e Qand County Sistan and Baluchestan Province Iran. At the 2006 census its population was 211 in 36 families.
1,JFS (school), JFS (formerly known as the Jews' Free School) is a Jewish secondary school in Kenton north London. It presently accepts both male and female students. At one time it had more than 4000 students attending making this school the largest Jewish school in Europe.
10,Blepharispermum hirtum, Blepharispermum hirtum is a species of tree in the aster family Asteraceae. It is native to Oman and Yemen. It grows in escarpment woodland habitat where it is sometimes a dominant species. In some parts of its range it is vulnerable to overexploitation for its wood.
7,Palmiet River, Palmiet River (Afrikaans: Palmietrivier) is a river located in the Western Cape province South Africa. The Palmiet River is a typical Western Cape river experiencing winter rainfall and it is important for the Western Cape Water Supply System.
11,Property of.., Property Of.. is the fourth album by Swedish Heavy Metal band Syron Vanes released in 2007. It was produced by Rimbert Vahlstroem.
4,Panagiotis Pikrammenos, Panagiotis Pikrammenos (Greek: Παναγιώτης Πικραμμένος [panaˈʝotis pikraˈmenos]) (born 1945) is a Greek judge who served as the interim Prime Minister of Greece in May–June 2012 after the legislative election in May 2012 resulted in an absence of majority.
13,Der Stechlin, Der Stechlin is a novel by Theodor Fontane written between 1895 and 1897 and first published in the literary journal Über Land und Meer. It was published in book form in 1898. It is Fontane's second longest novel and last novel before he died about a year after its publication.
8,Yengejeh Ajab Shir, Yengejeh (Persian: ينگجه‎) is a village in Kuhestan Rural District Qaleh Chay District Ajab Shir County East Azerbaijan Province Iran. At the 2006 census its population was 858 in 199 families.
6,Nan Tait Centre, The Nan Tait Centre is a Grade II listed building located on Abbey Road in the Hindpool area of Barrow-in-Furness Cumbria England. Designed by architects Woodhouse and Willoughby it was built for the Barrow Corporation as the town's new Technical School. The foundation stone was laid on 26 May 1900 and the school was officially opened three years later on 25 August 1903.
7,Rubicon River (Victoria), The Rubicon River is a tributary of the Goulburn River in Victoria Australia.The river rises in the Blue Range east of Buxton and flows North towards Thornton.The Rubicon Hydroelectric Scheme with a present-day capacity of 13 MW was established on the river and its tributary the Royston River in 1924.
0,Allstate Northern Ireland, Allstate NI is a company based in Belfast Derry and Strabane in Northern Ireland. The company was previously known as Northbrook Technology. As of May 7 2008 Northbrook Technology was renamed to Allstate Northern Ireland.Allstate NI specialises in delivering technology and business services to its parent company Allstate. The company currently employs around 1500 workers with plans to develop further.
6,Mohawk Building, The Mohawk Building is a building located in downtown Portland Oregon listed on the National Register of Historic Places.
1,Cheung Sha Wan Catholic Secondary School, Cheung Sha Wan Catholic Secondary School (CSWCSS) (Traditional Chinese:長沙灣天主教英文中學) is a secondary school in Hong Kong. It was established in 1970 by the Catholic Diocese of Hong Kong; Christ the King Church was an affiliated body until 1 September 1999 imbursed by the Government of Hong Kong.The school is situated on Fuk Wing Street Cheung Sha Wan. The school is an EMI (English as the medium of instruction) school.
10,Amyema congener, Amyema congener commonly known as the Variable mistletoe is a species of flowering plant an epiphytic hemiparasitic plant of the family Loranthaceae from eastern Australia.
9,Phtheochroa gigantica, Phtheochroa gigantica is a species of moth of the Tortricidae family. It is found in Mexico (Distrito Federal).
1,Malayan High School of Science, The Malayan High School of Science (MHSS) is a private secondary educational institution established in 2005 and it is managed and operated by the Mapúa Institute of Technology (MIT). It is located on a one-hectare property along P. Guazon Street (formerly Otis St.) in the district of Pandacan City of Manila Philippines.
3,Will Johnson (rugby union born 1974), William Warwick Johnson (born 18 March 1974 in Solihull) is a rugby union footballer who plays at Number 8 for RC Nice in France.He is perhaps best known for being Martin Johnson's younger brother but yet played over 200 times for Leicester and gained a number of caps for England 'A'. A good club man known for technique and work rate Johnson started the epic 2001 Heineken Cup final against Stade Francais breaking his arm and being replaced by Paul Gustard.
10,Littledalea, Littledalea is a genus of grass in the Poaceae family.
2,Luigi Serra, Luigi Serra (June 8 1846 – July 11 1888) was an Italian painter including watercolors.
7,Guayanés River (Yabucoa Puerto Rico), The Guayanés is a river of Puerto Rico.
2,Johann Friedrich Klöffler, Johann Friedrich Klöffler (20 April 1725 – 21 February 1790) was a German conductor composer and administrator. He was one of the earliest to write music for two orchestras.From 1750 to 1789 he worked at Steinfurt occasionally touring throughout Europe and Russia. For the Steinfurt castle concert hall he wrote lots of symphonies some of which include horns with crook changes. The vast majority of Klöffler's chamber music is for flute.
6,Ridge Avenue Bridge in Philadelphia, The Ridge Avenue Bridge in Philadelphia is a historic bridge in Philadelphia Pennsylvania.A triple-span stone arch bridge built in 1888 it carries Ridge Avenue over the Wissahickon Creek. It is the last crossing of the creek before it empties into the Schuylkill River. Four other stone arch bridges cross the Wissahickon. The 119.1-ft-long bridge was rehabilitated in 1954.The bridge was added to the National Register of Historic Places in 1988.
6,Saint Julie Billiart Parish, Saint Julie Billiart Parish is a Roman Catholic parish of the Diocese of San Jose in California located in the Santa Teresa neighborhood of San Jose California. The parish is named for Saint Julie Billiart the foundress of the Sisters of Notre Dame de Namur.
13,The Night That All Time Broke Out, The Night That All Time Broke Out is a short story by Brian W. Aldiss from Harlan Ellison's Dangerous Visions. The story presents a future world where time itself can be concentrated into a substance which is inhaled and used as a drug causing the user to temporarily regress to an earlier time period. There is an explosion at the factory which produces the gas causing a widespread regression of civilization (though it is unclear as to the extent).
7,Sinyaya River, The Sinyaya (Russian: Синяя Belarusian: Сінюха Latvian: Zilupe) is a river in Verkhnyadzvinsk Raion of Vitebsk Region of Belarus in Zilupe Ludza and Cibla municipalities of Latvia and in Sebezhsky Krasnogorodsky and Ostrovsky Districts of Pskov Oblast in Russia part of the Baltic Sea basin. It is a left tributary of the Velikaya River. It is 195 kilometres (121 mi) long and the area of its basin 2040 square kilometres (790 sq mi).
13,The English Gentleman, The English Gentleman (1978) is a humorous book written by Douglas Sutherland and illustrated by Timothy Jacques with an introduction by Sir Iain Moncreiffe of that Ilk.
9,Takasagovolva honkakujiana, Takasagovolva honkakujiana is a species of sea snail a marine gastropod mollusk in the family Ovulidae the ovulids cowry allies or false cowries.
10,Crataegus scabrida, Crataegus scabrida is a species of hawthorn.
9,Lagonibelus, Lagonibelus is a genus of belemnite an extinct group of cephalopods.
4,Ken Morrish, Ken Morrish (1919 – July 30 2006) nicknamed Mr. Highland Creek was a Metro Toronto politician. He served the Scarborough Ontario community as councillor deputy Metro Toronto Chair and mayor of Scarborough. He is a descendant of the Morrish Family who were among the original pioneer settlers in Scarborough.
6,National Museum of Aleppo, The National Museum of Aleppo (Arabic: متحف حلب الوطني‎) is the largest museum in the city of Aleppo founded in 1931. It is located in the heart of the northern city on Baron Street adjacent to the famous Baron Hotel and near the Bab al-Faraj clock tower. The majority of the museum's exhibitions are devoted to the archaeology of Syria with most of the finds coming from archaeological sites of the northern part of the country.
1,St Margaret's School Melbourne, St Margaret's School is an independent non-denominational day school with a co-educational primary school to Year 4 and for girls from Year 5 to Year 12.
7,Jöllenbecker Mühlenbach, Jöllenbecker Mühlenbach is a river of North Rhine-Westphalia Germany.
13,Journal of Grid Computing, The Journal of Grid Computing is a peer-reviewed scientific journal published by Springer Science+Business Media. According to the Journal Citation Reports the journal has a 2010 impact factor of 1.556. The editors-in-chief are Péter Kacsuk (MTA SZTAKI Computer and Automation Research Institute Budapest Hungary and the University of Westminster) and Ian Foster (Argonne National Laboratory and the University of Chicago Illinois USA)
10,Allium triquetrum, Allium triquetrum is a bulbous flowering plant in the genus Allium (onions and garlic) native to the Mediterranean basin. It is known in English as three-cornered leek.
13,IEEE Internet Computing, IEEE Internet Computing is a bimonthly magazine published by the IEEE Computer Society covering all aspects of emerging and maturing Internet technologies. The magazine publishes articles concerning the latest developments key trends and new applications related to the Internet and is intended for both academic researchers and software professionals.
10,Cryptolepis (plant), Cryptolepis is a plant genus in the family Apocynaceae. It includes some 42 species.
2,Louise Titchener, Louise F. Titchener (born 1941 in Detroit Michigan) was a US novelist since 1982. She wrote under various pseudonyms: Anne Silverlock and Jane Silverwood with Eileen Buckholtz Ruth Glick and Carolyn Males as Alyssa Howard with Ruth Glick as Alexis Hill Alexis Hill Jordan and Tess Marlowe with Carolyn Males as Clare Richards and Clare Richmond.
4,William N. Roach, William Nathaniel Roach (September 25 1840 – September 7 1902) was a United States Senator from North Dakota.
11,Dying Mapa I, Dying Mapa I is an album by the Japanese noise band Merzbow then consisting of Masami Akita and Kiyoshi Mizutani. This is the first installment of the Dying Mapa trilogy inspired by the Nyingmapa school of Tibetan Buddhism.Musically the whole trilogy is made with different equipment and instruments than other recordings of the same period.
9,Elachista aurita, Elachista aurita is a moth of the Elachistidae family. It is found in the southern parts of the eastern coast of Queensland.The wingspan is 6–6.2 millimetres (0.24–0.24 in) for males and 5.8–6.4 millimetres (0.23–0.25 in) for females. The forewings of the males are metallic blue basally with shiny dark bronzy brown scales distally. Females have similar forewings but have three silvery white markings. The hindwings of both sexes are dark grey.The larvae feed on Oplismenus species.
11,The Wiretap EP, The Wiretap EP is the debut release by the band Your Enemies Friends. It was released June 18 2002 on Buddyhead Records.
5,German submarine U-13 (1935), German submarine U-13 was a Type IIB U-boat of Nazi Germany's Kriegsmarine which was commissioned on 30 November 1936 following construction at the Deutsche Werke shipyards at Kiel. The first commander on board was Hans-Gerrit von Stockhausen. In its career it completed nine patrols all while serving with the 1st U-boat Flotilla. It succeeded in sinking nine ships and damaging three more.
10,Argusia, Argusia is a genus of plant in family Boraginaceae. It contains the following species (but this list may be incomplete): Argusia argentea (L.f.) Heine Argusia gnaphalodes
1,SMK Takis Papar, SMK Takis Papar also known as Sekolah Menengah Kebangsaan Takis Papar (SMKTP) in Malay is a Malaysian secondary school located in East Malaysia at Papar district. This school was established in 2001.
2,Gabriël Metsu, Gabriël Metsu (January 1629 – buried 24 October 1667) was a Dutch painter of history paintings genre works and portraits.
1,Halifax Community College, Halifax Community College is a community college located in Weldon a town in Halifax County in North Carolina. Established in 1967 the college is one of the oldest in the North Carolina Community College System. It offers associate's degree programs and continuing education. It is also a member of the American Association of Community Colleges.
0,Horizon Services, Horizon Services Inc. (HSI) is a nonprofit social service organization providing alcohol and drug treatment and recovery mental health recovery and substance abuse prevention services in Alameda San Mateo and Santa Clara counties in the San Francisco Bay Area of California. The executive director is Keith Lewis who has held the position since 1986. Their programs utilize the Alcoholics Anonymous and Narcotics Anonymous models along with other methods of treatment.
1,Woodrow Wilson High School (Portsmouth Virginia), Woodrow Wilson High School is a public high school located in Portsmouth Virginia. It is administered by Portsmouth City Public Schools. The school colors are royal blue orange and white and the nickname is the Presidents.
0,Andrew Barclay Sons & Co., Andrew Barclay Sons & Co. are a builder of steam and later fireless and diesel locomotives. The company's history dates to foundation of an engineering workshop in 1840 in Kilmarnock Scotland.After a long period of operation the company was acquired by the Hunslet group in 1972 and renamed Hunslet-Barclay; in 2007 the company changed hands after bankruptcy becoming Brush-Barclay as part of the FKI Group.
8,Hadar Nebraska, Hadar is a village in Pierce County Nebraska United States. It is part of the Norfolk Nebraska Micropolitan Statistical Area. The population was 293 at the 2010 census.
4,Robert Broadnax Glenn, Robert Broadnax Glenn (August 11 1854 – May 16 1920) was the 51st Governor of the U.S. state of North Carolina from 1905 to 1909.
8,Nasrollahabad Fuman, Nasrollahabad (Persian: نصراله اباد‎ also Romanized as Naşrollāhābād) is a village in Lulaman Rural District in the Central District of Fuman County Gilan Province Iran. At the 2006 census its population was 81 in 18 families.
8,Caledonia Michigan, Caledonia is a village in Kent County of the U.S. state of Michigan. The population was 1511 at the 2010 census. The village lies entirely within Caledonia Township.
8,Alaca Borçka, Alaca is a village in the District of Borçka Artvin Province Turkey. As of 2010 it had a population of 430 people.
6,United States Post Office and Court House (Lexington Kentucky), The United States Post Office and Court House is a courthouse of the United States District Court for the Eastern District of Kentucky located in Lexington Kentucky. Built in 1934 it was listed on the National Register of Historic Places in 1999.
4,Charles May (Canadian politician), Charles May (June 30 1858 – March 1 1932) was Canadian contractor and politician. He served on the Edmonton City Council and later as Mayor of Edmonton from 1905 to 1906.A native of what would become the province of Ontario May moved to Manitoba soon after completing education in his hometown. In Manitoba he would take to briefly farming before entering into the construction industry which he would establish prominence in.
8,Kostojevići, Kostojevići is a village in the municipality of Bajina Bašta Serbia. According to the 2002 census the village has a population of 495 people.
13,Men Microscopes and Living Things, Men Microscopes and Living Things is a children's book written by the American author Katherine Shippen and illustrated by Anthony Ravielli. The book was first published in 1955 and is a 1956 Newbery Honor recipient.
5,USS Wemootah (SP-201), USS Wemootah (SP-201) was a United States Navy patrol vessel and net tender in commission from 1917 to 1919.Wemootah was built as a civilian motorboat of the same name in 1913 by the Gas Engine and Power Company and the Charles L. Seabury Company at Morris Heights in the Bronx New York. The U.S. Navy purchased her from her owner A. Gardner Cooper of New York City on 16 June 1917 for World War I service as a patrol vessel.
7,Frâncu River, The Frâncu River is a tributary of the Bistra Mărului River in Romania.
11,Purgatory/Paradise, Purgatory/Paradise is the ninth studio album by Throwing Muses. The album was released in the form of a book containing song lyrics artwork and a code to download additional music.
11,Anniversary – 10 Years of Hits, Anniversary – 10 Years of Hits is an album by American country music artist George Jones. This album was released on October 30 1982 on the Epic Records label. This album went gold in 1989. The CD edition was issued in 1990.
5,SS Nordmark, Nordmark was a 987 GRT Coaster that was built as Faust in 1920 by Schiffbau-Gesellschaft Unterweser AG Bremen Germany for German owners. She was renamed Nordmark after a sale in 1930 and was again renamed Angeln in 1936. She was sold in 1944 and renamed Ermland. She was seized by the Allies at Lübeck in May 1945 passed to the Ministry of War Transport (MoWT) and renamed Empire Congerstone. In 1947 she was sold into merchant service and renamed Oakley.
6,Long View Center, The Long View Center is a historic church building located in the Moore Square Historic District of Raleigh North Carolina United States. The facility sits directly across from Moore Square one of two surviving four-acre (1.6 ha) parks from Raleigh's original 1792 plan. Built between 1879 and 1881 Long View was originally known as Tabernacle Baptist Church.
4,Mike Parry (politician), Michael J. Mike Parry (born January 5 1953) is a Minnesota politician and a member of the Minnesota Senate representing District 26 which includes portions of Dodge Freeborn Goodhue Mower Olmsted Rice Steele and Waseca counties in the southeastern part of the state.
7,Steinslandsvatnet, Steinslandsvatnet is a lake in the municipality of Modalen in Hordaland county Norway. The 2.4-square-kilometre (0.93 sq mi) lake is the headwaters of the river Moelva in the center of the Modalen valley. The village of Øvre Helland lies at the southern end of the lake. The Norwegian county road 345 runs along the western shoreline of the lake.
10,Nepenthes 'Dwarf Peacock', Nepenthes 'Dwarf Peacock' is a cultivar of a complex manmade hybrid involving N. khasiana N. ventricosa and a plant identified as N. thorelii. It was bred by Bruce Lee Bednar and Orgel Clyde Bramblett in 1986. This cultivar name is not established as it was published without a description violating Article 24.1 of the International Code of Nomenclature for Cultivated Plants. It first appeared in print in the March 1994 issue of the Carnivorous Plant Newsletter as x “Dwarf Peacock”.
4,Christopher Hum, Sir Christopher Owen Hum KCMG (born 27 January 1946) was the 41st Master of Gonville and Caius College one of the oldest colleges of the University of Cambridge. He held this post from his installation on 16 January 2006 to October 2012 prior to which he was Her Majesty's Ambassador to the People's Republic of China. William Ehrman CMG was appointed as Her Majesty's Ambassador to the People's Republic of China as Hum's successor.
5,USS N-7 (SS-59), USS N-7 (SS-59) was an N-class coastal defense submarine of the United States Navy. Her keel was laid down on 20 April 1915 by Lake Torpedo Boat Company in Bridgeport Connecticut. N-boats built by Lake had slightly different specifications from the ones built by Seattle Construction and Drydock and are sometimes considered a separate class.She was launched on 19 May 1917 sponsored by Mrs Frank Miller and commissioned on 15 June 1918 with Lieutenant Walter S. Kass in command.
1,Manikganj Govt. High School, Provides schooling from class 6 to SSC. Situated in Manikganj. This school started operating from 1884. Its Secondary School. EIIN - 110957 and School Code: 4014.
13,Mayoi Neko Overrun!, Mayoi Neko Overrun! (迷い猫オーバーラン! Mayoi Neko Ōbāran! Stray Cat Overrun!) is a Japanese light novel series by Tomohiro Matsu with illustrations by Peco. Twelve volumes have been published by Shueisha under their Super Dash Bunko imprint. A manga adaptation by Kentaro Yabuki started serialization in the shōnen manga magazine Jump Square on January 4 2010. In this adaptation many characters from Yabuki's previous manga To Love-Ru make cameo appearances.
6,Cathedral of St. Mary of the Annunciation (Cape Girardeau Missouri), The Cathedral of St. Mary of the Annunciation also known as St. Mary’s Cathedral is a Catholic cathedral in Cape Girardeau Missouri United States. Along with St. Agnes Cathedral in Springfield Missouri it is the seat of the Diocese of Springfield-Cape Girardeau.
6,John W. Coffren House and Store, The John W. Coffren House and Store are two historic buildings located at Croom in Prince George's County Maryland. This assemblage is significant for their architecture as well as their association with the commercial history of the area and with John W. Coffren local merchant and landowner. The Coffren House built in 1861 has a Greek Revival entrance and interior detail. The Coffren Store constructed ca. 1853 is a utilitarian structure designed for use as a one-room general store.
11,Get Ready for Eytan!, Get Ready for Eytan! is the second album recorded by singer-songwriter Eytan Mirsky released in 1999.
13,Critical Masses: Opposition to Nuclear Power in California 1958-1978, Critical Masses: Opposition to Nuclear Power in California 1958-1978 is the first detailed history of the anti-nuclear movement in the United States written by Thomas Wellock. It is also the first state-level research on the subject with a focus on California. Reviewer Paula Garb has said:The book is rich with vivid verbal pictures and the passionate voices of participants on all sides of the controversy around the peaceful atom.
1,Laurier School of Business & Economics, The Laurier School of Business & Economics is one of Canada's largest business schools. With more than 5000 students overall it is the largest faculty at Wilfrid Laurier University. The main campus is located in Waterloo Ontario Canada - the heart of Canada's Technology Triangle 100 km (62 mi) west of Toronto - and offers full-time and part-time PhD MBA Master's Economics BBA Bachelor's and Diploma programs. Laurier business also has a second part-time MBA campus located in the St.
5,Bristol XLRQ, The Bristol XLRQ-1 was a 12-seat amphibious glider of the Bristol Aeronautical Corporation New Haven Connecticut (USA) developed for the United States Marine Corps in 1942-43. Only two prototypes were built before the USMC scrapped the idea of glider use in 1943.
6,Old Central Grammar School, The Old Central Grammar School (also known as the Haines City Middle School Annex or Fellowship Dining-Ridge) is a historic school in Haines City Florida. Built in 1925 it was designed by noted architect Edward Columbus Hosford in the Mediterranean Revival and Spanish Revival style. It is located at 801 Ledwith Avenue. On March 17 1994 it was added to the U.S. National Register of Historic Places.
0,The Fresh Market, The Fresh Market is a chain of gourmet supermarkets based in Greensboro North Carolina.
6,Main Street Historic District (Tampico Illinois), The Main Street Historic District in Tampico Illinois United States is a historic district notable as home to the birthplace of Ronald Reagan. The district includes the late 19th century collection of buildings that comprise Tampico's central business district among them are two apartments that the Reagan family occupied in the early 1900s. The buildings in the district went through several periods of rebuilding during the 1870s due to major fires and a tornado.
8,Robotno, Robotno [rɔˈbɔtnɔ] is a village in the administrative district of Gmina Zbiczno within Brodnica County Kuyavian-Pomeranian Voivodeship in north-central Poland. It lies 5 kilometres (3 mi) north of Zbiczno 15 km (9 mi) north of Brodnica and 64 km (40 mi) north-east of Toruń.
13,Lost World (manga), Lost World (ロスト・ワールド<前世紀> Lost World - Zenseiki) is a manga series written and illustrated by Osamu Tezuka.
5,MV Tampa, MV Tampa is a roll-on/roll-off container ship completed in 1984 by Hyundai Heavy Industries Co. Ltd. in South Korea for the Norway based firm Wilhelmsen Lines Shipowning.
2,Terence de Vere White, Terence de Vere White (29 April 1912 – 17 June 1994) was an Irish writer lawyer and editor.Born in Dublin he studied at Trinity College Dublin where he qualified as a solicitor and became a partner in a leading Dublin law firm. He gave up law when he became the literary editor of The Irish Times from 1961 to 1977.
1,Zima Medical Science & Educational Trust, ZIMA Medical Science & Educational Trust (ஜிமா மருத்துவ அறிவியல் & கல்வி அறக்கட்டளை in Tamil) is an Indian Non-Profit and Non-Governmental Organization which was established in 2005 and a registered Society of Tamil Nadu Government.
7,Selemnos, Selemnos (Greek: Σέλεμνος Latin: Selemnus) is a river in the northern part of Achaea Greece. The river flows entirely in the municipal unit of Rio and empties into the Gulf of Patras.
8,Hoseynabad-e Gavahi, Hoseynabad-e Gavahi (Persian: حسين ابادگواهي‎ also Romanized as Ḩoseynābād-e Gavāhī Hosein Abad Gavahi Ḩoseynābād-e Gavānī and Ḩoseynābād Gavāhī; also known as Husainābād) is a village in Mud Rural District Mud District Sarbisheh County South Khorasan Province Iran. At the 2006 census its population was 50 in 19 families.
12,Kizhakku Kadalkarai Salai, Kizhakku Kadalkarai Salai (English: East Coast Road) is a Tamil filmdirected by S. S. Stanley. Srikanth and Bhavana played the lead roles. The film was successful at the Box-office.
1,University of Niš, The University of Niš (Serbian: Универзитет у Нишу / Univerzitet u Nišu) is a university in Niš Serbia. It was founded in 1965 and it consists of 13 faculties with 1500 teachers 630 staff and extracurricular staff and around 30000 students. Since its foundation the university diploma has been acquired by more than 50000 students including 1300 foreigners.It has a university library Nikola Tesla; the Faculty of Technology is in Leskovac and the Teacher-Training Faculty in Vranje.
13,The World in the Evening, Christopher Isherwood writes another quasi-fictional account of love loss and regret in 'The World in the Evening'. As in many Isherwood novels the main character of 'World...' is caught in a contest between his personal egoism and the needs of friends and lovers. This novel is highly popularized because of the narrator's definition of high and low camp—significant concepts to homosexuals.[citation needed]
9,Thyas coronata, Thyas coronata is a species of moth of the Noctuidae family. It is found from the Indo-Australian tropics to Micronesia and the Society Islands.The wingspan is about 60 mm.The larvae feed on Combretum Quisqualis (including Quisqualis indica) Terminalia (including Terminalia catappa) Litsea Anamirta Pinus and Nephelium species. It is considered a pest on Oranges Lemons and other Citrus species.
7,Clark Range (California), The Clark Range is a subrange of California's Sierra Nevada in Yosemite National Park.
8,Silvermines, Silvermines historically known as Bellagowan (Irish: Béal Átha Gabhann) is a village in North Tipperary in Ireland. It lies immediately north of the Silvermine mountain range and takes its name from the extensive mines of lead zinc copper baryte and silver nearby. Towards the very south of the Silvermine Mountains is the highest peak in the mountains Keeper Hill or in Irish Sliabh Cimeálta which rises to 695m dominating the area.
6,One Park Place, One Park Place is a 518 ft (158 m) tall apartment building located adjacent to Discovery Green park in downtown Houston Texas. Completed by The Finger Companies in May 2009 the building has 340 units on 30 floors with a total height of 501 feet (153 m) and 37 floors.The building has 346 apartment units. The ground floor has retail shops and restaurants while the six floors immediately above the ground floor have secure parking.
7,Hawdon River, The Hawdon River is a river of New Zealand. One of the headwaters of Canterbury's Waimakariri River it flows south through Arthur's Pass National Park reaching the Waimakariri to the north of the settlement of Cass.
6,Portsmouth Friends Meetinghouse Parsonage and Cemetery, Portsmouth Friends Meetinghouse Parsonage and Cemetery (also known as Portsmouth Friends Meeting House or Portsmouth Evangelical Friends Church) is a historic Friends Meeting House and cemetery of the Religious Society of Friends (Quakers) at 11 Middle Road and 2232 E. Main Road in Portsmouth Rhode Island.In 1638 exiled religious dissidents from Massachusetts founded Portsmouth the second oldest colonial community in Rhode Island.
5,Stardust (spacecraft), Stardust was a 300-kilogram robotic space probe launched by NASA on February 7 1999. Its primary mission was to collect dust samples from the coma of comet Wild 2 as well as samples of cosmic dust and return these to Earth for analysis. It was the first sample return mission of its kind. En route to Comet Wild 2 the craft also flew by and studied the asteroid 5535 Annefrank.
13,Japanese: The Spoken Language, Japanese: The Spoken Language (JSL) is an introductory textbook series for learning Japanese. JSL was written by Eleanor Harz Jorden in collaboration with Mari Noda. Part 1 was published in 1987 by Yale Language Press Part 2 in 1988 and Part 3 in 1990.
4,Ian Alistair Mackenzie, Ian Alistair Mackenzie PC (July 27 1890 – September 2 1949) was a Canadian parliamentarian.Born in Assynt Scotland Mackenzie entered politics by winning a seat in the Legislative Assembly of British Columbia (BC) in the 1920 BC election. In 1930 he was appointed to Prime Minister William Lyon Mackenzie King's pre-election Cabinet as Minister of Immigration and Colonization and Superintendent of Indian Affairs.
9,Somatina centrofasciaria, Somatina centrofasciaria is a moth of the Geometridae family. It is found in central China.
12,20000 Days on Earth, 20000 Days on Earth is a 2014 British documentary film co-written and directed by Iain Forsyth and Jane Pollard. Nick Cave also co-wrote the script with Forsyth and Pollard. The film premiered in-competition in the World Cinema Documentary Competition at 2014 Sundance Film Festival on January 20 2014. It won two Awards at the festival.After its premiere at Sundance Film Festival Drafthouse Films acquired distribution rights of the film.
0,Fella-Werke, Fella-Werke GmbH is a German forage harvesting company based in Feucht Germany (located just southwest of Nuremberg in Bavaria). It was established in 1918 as a harrow manufacturing company but since then has been through many changes. Currently Fella has the industry's largest product range of mowers tedders and rakes.[citation needed] The machines are a vibrant red color with safety tarps in a bright yellow color.
4,Tom Walters (politician), Tom Walters is an American politician and a Republican member of the Wyoming House of Representatives representing District 38 since January 8 2013. Walters was a candidate for the Wyoming Senate District 30 seat in 2004 and 2008.
3,Alfons Masella, Alfons Masella is a Tongan rugby league player who represented his country in the 2000 World Cup.
10,Mexipedium, Mexipedium is a monotypic genus of the Orchid family Orchidaceae subfamily Cypripedioideae consisting of only one species Mexipedium xerophyticum. It is also the single genus of tribe Mexipedieae and subtribe Mexipediinae. This species was initially described as Phragmipedium xerophyticum by Soto Arenas Salazar & Hágsater in 1990 but transferred to its own genus by Albert & Chase in 1992 in part based on results from DNA analysis.
11,Torn from the Grave, Torn from the Grave is a compilation album by death metal band Autopsy.
1,Miller College of Business, The Miller College of Business (MCOB) is the business college of Ball State University in Muncie Indiana.
10,Clermontia oblongifolia, Clermontia oblongifolia is a species of flowering plant in the bellflower family known by the common name Oahu clermontia. It is one of several Hawaiian lobelioids in genus Clermontia that are known as ʻoha wai. This plant is native to three of the Hawaiian Islands where one subspecies is not uncommon but the other two are very rare and endangered.The more common subspecies ssp.
3,Emma Carney, Emma Elizabeth Carney (born 29 July 1971) is an Australian former professional triathlete and two time World Triathlon Champion. She is one of the few triathletes in the world to have won two ITU world titles. She was the world number one triathlete according to ITU rankings in 1995 1996 and 1997 and achieved 19 World Cup wins more than any other triathlete except Vanessa Fernandes.
10,Dichaetophora (plant), Dichaetophora is a genus of flowering plants in the daisy family.
5,Aeritalia G.222, The Aeritalia G.222 (formerly Fiat Aviazione later Alenia Aeronautica) is a medium-sized STOL military transport aircraft. It was developed to meet a NATO specification but Italy was initially the only NATO member to adopt the type. The United States purchased a small number of G.222s designating them the C-27A Spartan.A modernised variant the Alenia C-27J Spartan has been developed.
9,Hyelaphus, Hyelaphus is a genus of relatively small South and Southeast Asia deer that are overall brown. The three species are all threatened and two of the species are restricted to a few small islands. Originally considered a subgenus of Axis genetic evidence indicates that Hyelaphus is closer to the genus Rusa than Axis. Consequently Hyelaphus was elevated to genus status leaving the chital as the only member of Axis.
8,Suchowizna, Suchowizna [suxɔˈvizna] is a village in the administrative district of Gmina Stanisławów within Mińsk County Masovian Voivodeship in east-central Poland. It lies approximately 3 kilometres (2 mi) south-west of Stanisławów 10 km (6 mi) north of Mińsk Mazowiecki and 37 km (23 mi) east of Warsaw.
13,Soor Rahu De, Soor Rahu De is a Marathi play directed by Mohan Jawade & Mangesh Kadam and written by Sha. Na. Navre. The star cast includes Sunil Barve Shubhangi Gokhale Kshitij Jharapkar Sanjay Mone Shruti Pandya.The play is an emotional drama with a social message.
3,Timo Koskela, Timo Koskela is a Finnish ice hockey player who currently plays in Switzerland for GCK Lions of the NLB. He also used to play for Tappara of the SM-liiga.
4,Michael Merrifield, Michael Merrifield is an American politician from the U.S. state of Colorado. He served four terms (2004-2010) as a Representative in House District 18. He was chairman of the House Education Committee and also served on the House Transportation and Energy Committee. After leaving the legislature in 2010 due to term limits he campaigned to serve as an El Paso County Commissioner in District 5 but lost.
4,Charles Melvin Price, Charles Melvin Price (January 1 1905 - April 22 1988) was a longtime member of the United States House of Representatives. Most notably he served as the chairman of the United States House Committee on Armed Services between 1975 and 1985. He lost this position at the beginning of the 99th Congress. Overthrowing a committee chairman was not a common occurrence at that time but a majority of the House Democratic Caucus seemed to feel that the aged Price was no longer up to the job.
4,Robert F. Thompson, Robert F. Thompson (born June 19 1971) is a Democratic member of the Arkansas Senate representing the 11th District from 2007 to 2013 when he was switched to District 20. This district includes several counties in northeast Arkansas. From 2005 to 2007 he was a State Representative for the 78th district of the Arkansas House of Representatives representing the city of Paragould in Greene County Arkansas.
13,Loot (play), Loot is a two-act play by the English playwright Joe Orton. The play is a dark farce that satirises the Roman Catholic Church social attitudes to death and the integrity of the police force.Loot was Orton's third major production following Entertaining Mr Sloane and the television play The Good and Faithful Servant. Playing with the conventions of popular farce Orton creates a hectic world and examines English attitudes and perceptions in the mid twentieth century.
9,Calamistis, Calamistis is a genus of moths of the Noctuidae family.
3,Cameron Wurf, Cameron Wurf (born 3 August 1983) is a professional Australian road cyclist who currently rides for the Cannondale team.Before becoming a professional road cyclist Wurf was an Olympic lightweight rower and represented Australia at the 2004 Olympics in the men's lightweight double scull.Wurf left the Champion System team at the end of the 2012 season – having joined the squad at the start of the season – and joined Cannondale for the 2013 season.
10,Buddleja 'Hinebud 2' = Purple Splendor, Buddleja 'Hinebud 2' selling name Purple Splendor (Splendor Purple in Europe) is one of a new (2012) series of hybrid cultivars raised by Peter Podaras at the Hines Nursery Laguna Hills CA.
1,Augusta College (Kentucky), From 1822 to 1849 Augusta College was located in Augusta Kentucky in Bracken County. It was formed when the Bracken Academy and Methodist churches of Ohio and Kentucky joined. Augusta College was the third Methodist college founded in the United States. Its first president was Martin Ruter D.D. It usually had enrollment of about 175–305 pupils. Among many who attended the college were Edward J.
0,Pandora TV, Pandora TV (판도라TV) is a video sharing website that hosts user-generated content. Founded in October 2004 Pandora TV is the first video sharing website in the world to attach advertisement to user-submitted video clips and to provide unlimited storage space for users to upload. The operating company Pandora TV Co. Ltd. has its headquarters in the Seoul-Gangnam Building in Yeoksam-dong Gangnam-gu Seoul.In 2007 it was the fastest growing website in South Korea.
2,Chris McLernon, Chris McLernon is the current bassist of the band Saigon Kick.
1,Elmwood Park Memorial High School, Elmwood Park Memorial High School is a four-year comprehensive public high school that serves students in ninth through twelfth grade from Elmwood Park in Bergen County New Jersey United States operating as part of the Elmwood Park Public Schools.
6,Calico Rock Methodist Episcopal Church, Calico Rock Methodist Episcopal Church is a historic church at 101 W. 1st in Calico Rock Arkansas.It was built in 1924 and added to the National Register in 2007.
6,Perry Carnegie Library Building, The Perry Carnegie Library Building in Perry Iowa is a building from 1908. It was listed on the National Register of Historic Places in 1996.
8,Sankranti Bazar, Sankranti Bazar is a village development committee in the Himalayas of Terhathum District in the Kosi Zone of eastern Nepal. At the time of the 1991 Nepal census it had a population of 3266 people living in 622 individual households. Once a thriving market town by 2001 the village had declined because road construction had bypassed them and because of Maoist activity.
3,Mamoudou Mara, Mamoudou Mara (born 31 December 1990) is a Guinean professional footballer who currently plays as a defender for French Ligue 2 side Arles-Avignon.
2,Duke (musician), Duke (born Mark Carson Adams) is a British singer songwriter and producer who was born and raised in England.He had two Top 10 hits on the Billboard Hot Dance Music/Club Play chart: His deep house version of So In Love With You which was his biggest hit reaching #1 in 1997 and his follow-up Greater which peaked at #9 in 1998.Mark Adams was born & bred in the West End in Newcastle-upon-Tyne which is in the North East of England.
5,USS Snark (SP-1291), USS Snark (SP-1291) was a United States Navy patrol vessel in commission from 1917 to 1919.Snark was built in 1917 by the Herreshoff Manufacturing Company at Bristol Rhode Island as a private motorboat for Carl Tucker of New York City one of nine 62-foot 4-inch (19-meter) motorboats the company built for private owners specifically for use as patrol boats in time of war. Accordingly the U.S.
13,Auriol (novel), Auriol: or The Elixir of Life is a novel by British historical novelist William Harrison Ainsworth. It was first published in 1844 in serial form under the title Revelations of London.Auriol written 1844 is slightly unusual in the Ainsworth repertoire as the action is entirely couched as a fantasy so that the supernatural element (which occurs also for instance in his Guy Fawkes and his Windsor Castle) can take comparatively free rein.
9,Fusus follicus, Fusus follicus is a species of sea snail a marine gastropod mollusk in the family Fasciolariidae the spindle snails the tulip snails and their allies.
3,Harry Mallin, Henry William Harry Mallin (1 June 1892 – 8 November 1969) was an English middleweight amateur boxer.He came originally from Hackney Wick; later he lived in Dartmouth Park North London and died at a nursing home in Lewisham. Mallin was British Champion five years in a row from 1919 to 1923. He was also world champion in the middleweight class between 1920 and 1928.
6,Isaac Cox Cobblestone Farmstead, Isaac Cox Cobblestone Farmstead also known as the Letson Farm is a historic home and farm complex located in the town of Wheatland near Scottsville in Monroe County New York. The complex includes a Federal style cobblestone farmhouse built about 1838. It is constructed of small to medium sized field cobbles and is one of seven surviving cobblestone buildings in the town of Wheatland.
10,Bellida, Bellida is a monotypic genus of flowering plants in the aster family Asteraceae containing the single species Bellida graminea. It is native to Western Australia. Its common name is rosy bellida.
11,Complex EP, Complex is an extended play released in 1985 by Rifle Sport on Ruthless Records.
3,Henri Kontinen, Henri Kontinen (born 19 June 1990 in Helsinki) is a Finnish tennis player. His highest ranking is World No. 220 which he attained in October 2010. His brother Micke is also a tennis player.
11,Summer EP (Sherwood EP), Summer EP is a 2006 release by the indie rock band Sherwood. During the spring of 2006 AbsolutePunk.net offered a 5 song version of this album to download for free. Later that year a physical version with two extra tracks was released for sale at the band's live performances and online.
13,A World to Win (Sinclair novel), A World to Win is the seventh novel in Upton Sinclair's Lanny Budd series. First published in 1946 the story covers the period from 1940 to 1942.
1,Berg Upper Secondary School, Berg Upper Secondary School known in Norwegian as Berg videregående skole is an upper secondary school located in Oslo Norway. The school was established in 1925 and provides education leading to the International Baccalaureate (IB) Diploma as well as the college preparatory studiespesialisering of the Norwegian school system. It currently has around 465 students - 108 graduating in the Norwegian system and 55 graduating with IB Diplomas each year.
